Keyword,Category,Monthly Search Volume
YouTube,Technology,1200000000
Facebook,Technology,724500000
WhatsApp Web,Technology,521000000
Translate,Technology,460800000
Google,Technology,405300000
Instagram,Technology,403200000
Amazon,Technology,393100000
Gmail,Technology,392300000
Google Translate,Technology,325900000
Twitter,Technology,148500000
Google Maps,Technology,142400000
ChatGPT,Technology,128300000
Yahoo,Technology,121500000
WhatsApp,Technology,120600000
Canva,Technology,117400000
Hotmail,Technology,117200000
Netflix,Technology,105300000
Wordle,Technology,101500000
Yahoo Mail,Technology,99100000
Pinterest,Technology,88300000
Speed Test,Technology,84400000
Roblox,Technology,80100000
Yandex,Technology,77400000
TikTok,Technology,76200000
Flipkart,Technology,69200000
Ebay,Technology,68800000
Outlook,Technology,66700000
Facebook Login,Technology,56200000
LinkedIn,Technology,55300000
Spotify,Technology,53300000
Indeed,Technology,51900000
Calculator,Technology,49300000
Twitch,Technology,47400000
Amazon Prime,Technology,43600000
Airbnb,Technology,42100000
Apple,Technology,30000000
iPhone,Technology,25000000
PayPal,Technology,20000000
Discord,Technology,20000000
Google Drive,Technology,15000000
OpenAI,Technology,10000000
Reddit,Technology,10000000
Bing,Technology,8000000
Uber,Technology,8000000
Microsoft,Technology,8000000
Zoom,Technology,7000000
Disney Plus,Technology,7000000
Telegram,Technology,7000000
GitHub,Technology,6000000
Bitcoin,Technology,25000000
Ethereum,Technology,8000000
AI,Technology,5000000
Windows 10,Technology,5000000
Windows 11,Technology,5000000
Android,Technology,5000000
Tesla,Technology,5000000
SpaceX,Technology,3000000
NASA,Technology,3000000
Chrome,Technology,5000000
Firefox,Technology,1000000
Adobe Photoshop,Technology,1000000
Dell,Technology,1000000
HP,Technology,1000000
Lenovo,Technology,800000
Asus,Technology,800000
Acer,Technology,500000
Nvidia,Technology,2000000
Intel,Technology,1000000
AMD,Technology,800000
PlayStation,Technology,5000000
Xbox,Technology,3000000
Nintendo Switch,Technology,2000000
Steam,Technology,2000000
AliExpress,Technology,2000000
Shopee,Technology,1000000
Shazam,Technology,1000000
Quora,Technology,1000000
Messenger,Technology,1500000
Google Docs,Technology,13600000
Google Earth,Technology,1000000
Google Classroom,Technology,6000000
Google Meet,Technology,5000000
Google Play,Technology,10000000
Facebook Messenger,Technology,5000000
Stack Overflow,Technology,2000000
DALL-E,Technology,500000
GitLab,Technology,300000
Docker,Technology,400000
iOS,Technology,1000000
Visual Studio Code,Technology,800000
GPT-4,Technology,300000
Minecraft,Technology,40000000
Fortnite,Technology,20000000
PUBG,Technology,10000000
Slack,Technology,1000000
Microsoft Excel,Technology,3000000
Microsoft Word,Technology,2000000
Dropbox,Technology,1000000
WeChat,Technology,500000
Google Chrome,Technology,10000000
Safari,Technology,1000000
WhatsApp Messenger,Technology,1000000
Kindle,Technology,500000
Garena Free Fire,Technology,5000000
TikTok Download,Technology,5000000
UC Browser,Technology,1000000
iCloud,Technology,1000000
YouTube,Technology,1200000000
Snapchat,Technology,25000000
Huawei,Technology,2000000
Xiaomi,Technology,1500000
Oppo,Technology,1000000
Vivo,Technology,800000
PS5,Technology,2000000
Xbox Series X,Technology,1000000
Nintendo,Technology,1000000
Samsung Galaxy,Technology,2000000
Signal,Technology,500000
Viber,Technology,400000
Venus Williams,Sports,500000
Naomi Osaka,Sports,800000
Andy Murray,Sports,600000
Erling Haaland,Sports,10000000
Zlatan Ibrahimovic,Sports,1000000
Diego Maradona,Sports,800000
Ronaldinho,Sports,800000
Pelé,Sports,1000000
Shaquille O'Neal,Sports,700000
Magic Johnson,Sports,500000
Floyd Mayweather,Sports,1500000
Manny Pacquiao,Sports,1000000
Khabib Nurmagomedov,Sports,800000
Jon Jones,Sports,500000
Wayne Gretzky,Sports,300000
Rohit Sharma,Sports,500000
Babar Azam,Sports,400000
Tyson Fury,Sports,600000
Canelo Alvarez,Sports,500000
Anthony Joshua,Sports,400000
John Cena,Sports,1000000
Boston Red Sox,Sports,1000000
Los Angeles Dodgers,Sports,1000000
Chicago Cubs,Sports,800000
Houston Astros,Sports,500000
Montreal Canadiens,Sports,300000
Toronto Maple Leafs,Sports,300000
Patrick Mahomes,Sports,800948
Aaron Rodgers,Sports,600000
Alex Morgan,Sports,500000
Mohamed Salah,Sports,1500000
Gareth Bale,Sports,500000
Luis Suarez,Sports,500000
Zinedine Zidane,Sports,500000
Karim Benzema,Sports,500000
Andres Iniesta,Sports,300000
Xavi Hernandez,Sports,200000
Luka Modric,Sports,300000
Antoine Griezmann,Sports,300000
Harry Kane,Sports,500000
Football,Sports,50000000
Soccer,Sports,30000000
Cricket,Sports,64200000
Basketball,Sports,20000000
Tennis,Sports,10000000
Baseball,Sports,8000000
Golf,Sports,5000000
Boxing,Sports,5000000
MMA,Sports,4000000
Formula 1,Sports,10000000
F1,Sports,9000000
Rugby,Sports,3000000
Ice Hockey,Sports,2000000
Volleyball,Sports,2000000
Table Tennis,Sports,1000000
Badminton,Sports,1000000
Cycling,Sports,1500000
Track and Field,Sports,1000000
Swimming,Sports,1500000
Olympics,Sports,1000000
FIFA World Cup,Sports,500000
Super Bowl,Sports,500000
UEFA Champions League,Sports,3000000
UEFA Euro,Sports,200000
Copa America,Sports,100000
Tour de France,Sports,300000
Wimbledon,Sports,500000
NBA,Sports,90200000
NFL,Sports,52300000
IPL,Sports,81300000
Premier League,Sports,69600000
La Liga,Sports,30000000
Serie A,Sports,47100000
Bundesliga,Sports,10000000
Ligue 1,Sports,5000000
Europa League,Sports,1000000
MLS,Sports,1000000
UFC,Sports,4000000
WWE,Sports,5000000
Real Madrid,Sports,57100000
FC Barcelona,Sports,50000000
Manchester United,Sports,30000000
Paris Saint-Germain,Sports,20000000
Liverpool,Sports,20000000
Manchester City,Sports,15000000
Juventus,Sports,15000000
Bayern Munich,Sports,15000000
Chelsea,Sports,10000000
Arsenal,Sports,10000000
AC Milan,Sports,5000000
Inter Milan,Sports,5000000
Borussia Dortmund,Sports,5000000
Ajax,Sports,3000000
Los Angeles Lakers,Sports,5000000
Golden State Warriors,Sports,5000000
Chicago Bulls,Sports,3000000
Boston Celtics,Sports,2000000
New York Yankees,Sports,2000000
Dallas Cowboys,Sports,2000000
Green Bay Packers,Sports,1000000
New England Patriots,Sports,1000000
Australia cricket team,Sports,1000000
India cricket team,Sports,2000000
England cricket team,Sports,500000
LeBron James,Sports,9150711
Lionel Messi,Sports,7000000
Cristiano Ronaldo,Sports,7491012
Neymar,Sports,6000000
Kylian Mbappé,Sports,5000000
David Beckham,Sports,2000000
Roger Federer,Sports,447176
Rafael Nadal,Sports,1000000
Novak Djokovic,Sports,3500675
Serena Williams,Sports,1351049
Tiger Woods,Sports,3480913
Conor McGregor,Sports,3000000
Mike Tyson,Sports,2240000
Muhammad Ali,Sports,500000
Michael Jordan,Sports,1000000
Kobe Bryant,Sports,800000
Tom Brady,Sports,1000000
Usain Bolt,Sports,800000
Virat Kohli,Sports,1500000
Sachin Tendulkar,Sports,500000
MS Dhoni,Sports,400000
Jake Paul,Sports,1750000
Logan Paul,Sports,1700000
Simone Biles,Sports,962886
Lewis Hamilton,Sports,3739211
Max Verstappen,Sports,2996542
Michael Schumacher,Sports,500000
Ayrton Senna,Sports,200000
Central Park,Landmarks,200000
White House,Landmarks,300000
Arc de Triomphe,Landmarks,200000
Berlin Wall,Landmarks,100000
Cologne Cathedral,Landmarks,100000
Prague Castle,Landmarks,100000
Charles Bridge,Landmarks,50000
Budapest Parliament,Landmarks,50000
Terracotta Army,Landmarks,100000
Potala Palace,Landmarks,50000
Himeji Castle,Landmarks,50000
Merlion Statue,Landmarks,50000
Gardens by the Bay,Landmarks,100000
Western Wall,Landmarks,100000
Luxor Temple,Landmarks,50000
Abu Simbel,Landmarks,50000
Valley of the Kings,Landmarks,50000
Galápagos Islands,Landmarks,50000
Great Sphinx of Giza,Landmarks,100000
Mount Kilimanjaro,Landmarks,100000
Denali (Mount McKinley),Landmarks,30000
Capitol Hill (US Capitol),Landmarks,100000
Hollywood Walk of Fame,Landmarks,100000
Metropolitan Museum of Art,Landmarks,50000
British Museum,Landmarks,50000
Vatican Museums,Landmarks,50000
Salzburg Old Town,Landmarks,30000
Cinque Terre,Landmarks,50000
Santorini,Landmarks,80000
Matterhorn,Landmarks,80000
Moai (Easter Island),Landmarks,50000
Manneken Pis,Landmarks,30000
Angkor Thom,Landmarks,30000
Sistine Chapel,Landmarks,100000
Great Ocean Road,Landmarks,30000
Banff National Park,Landmarks,30000
Zion National Park,Landmarks,50000
Glacier National Park,Landmarks,30000
Mount Fuji,Landmarks,200000
Red Square,Landmarks,150000
Kremlin,Landmarks,100000
Blue Lagoon,Landmarks,50000
Cliffs of Moher,Landmarks,50000
Plitvice Lakes,Landmarks,30000
Meteora,Landmarks,30000
Acropolis Museum,Landmarks,30000
Oxford University,Landmarks,30000
Cambridge University,Landmarks,20000
Tower Bridge,Landmarks,150000
Tower of London,Landmarks,100000
Mezquita of Cordoba,Landmarks,30000
Schönbrunn Palace,Landmarks,50000
Auschwitz Concentration Camp,Landmarks,100000
Saint Basil's Cathedral,Landmarks,100000
Palm Jumeirah,Landmarks,50000
Las Vegas Strip,Landmarks,300000
Hoover Dam,Landmarks,50000
Fushimi Inari Shrine,Landmarks,50000
Hiroshima Peace Memorial,Landmarks,50000
Sydney Harbour Bridge,Landmarks,50000
Milford Sound,Landmarks,50000
Grand Palace Bangkok,Landmarks,100000
Phi Phi Islands,Landmarks,50000
Shwedagon Pagoda,Landmarks,50000
Tanah Lot Temple,Landmarks,50000
Disneyland Paris,Landmarks,3350000
Eiffel Tower,Landmarks,2500000
Sagrada Familia,Landmarks,2400000
Times Square,Landmarks,2300000
Disneyland California,Landmarks,2300000
Taj Mahal,Landmarks,2000000
Walt Disney World,Landmarks,2000000
Machu Picchu,Landmarks,1260000
Burj Khalifa,Landmarks,1100000
Pantheon,Landmarks,900000
Niagara Falls,Landmarks,945000
Statue of Liberty,Landmarks,800000
Great Wall of China,Landmarks,600000
Pyramids of Giza,Landmarks,600000
Colosseum,Landmarks,600000
Sydney Opera House,Landmarks,500000
Christ the Redeemer,Landmarks,500000
Chichen Itza,Landmarks,500000
Petra,Landmarks,400000
Angkor Wat,Landmarks,400000
Big Ben,Landmarks,540000
London Eye,Landmarks,540000
Buckingham Palace,Landmarks,400000
Louvre Museum,Landmarks,300000
Notre Dame Cathedral,Landmarks,300000
Acropolis of Athens,Landmarks,300000
Mount Everest,Landmarks,300000
Grand Canyon,Landmarks,500000
Yellowstone National Park,Landmarks,300000
Yosemite National Park,Landmarks,200000
Golden Gate Bridge,Landmarks,400000
Hollywood Sign,Landmarks,300000
Mount Rushmore,Landmarks,200000
Stonehenge,Landmarks,200000
Neuschwanstein Castle,Landmarks,150000
Brandenburg Gate,Landmarks,150000
Hagia Sophia,Landmarks,200000
Blue Mosque,Landmarks,150000
Forbidden City,Landmarks,250000
Palace of Versailles,Landmarks,250000
St. Peter's Basilica,Landmarks,150000
Empire State Building,Landmarks,400000
Brooklyn Bridge,Landmarks,150000
Marina Bay Sands,Landmarks,300000
Tokyo Disneyland,Landmarks,500000
Universal Studios Orlando,Landmarks,300000
Universal Studios Hollywood,Landmarks,200000
Tokyo Tower,Landmarks,100000
Tokyo Skytree,Landmarks,100000
CN Tower,Landmarks,100000
Space Needle,Landmarks,100000
Gateway Arch,Landmarks,50000
Iguazu Falls,Landmarks,100000
Uluru (Ayers Rock),Landmarks,100000
Victoria Falls,Landmarks,100000
Petronas Towers,Landmarks,300000
Burj Al Arab,Landmarks,200000
Great Barrier Reef,Landmarks,200000
Table Mountain,Landmarks,100000
Leaning Tower of Pisa,Landmarks,300000
Florence Cathedral,Landmarks,100000
Mont Saint-Michel,Landmarks,100000
Trevi Fountain,Landmarks,100000
Alhambra,Landmarks,150000
Borobudur,Landmarks,80000
Cappadocia,Landmarks,80000
Halong Bay,Landmarks,50000
Walkers Crisps,Snacks,50000
Mooncake,Snacks,30000
Takoyaki,Snacks,30000
Onigiri,Snacks,40000
Dango,Snacks,20000
Granola,Snacks,50000
Cashew nuts,Snacks,40000
Pistachios,Snacks,50000
Energy bar,Snacks,60000
White Rabbit Candy,Snacks,30000
Honey Butter Chips,Snacks,20000
Totino's Pizza Rolls,Snacks,40000
Bagel Bites,Snacks,30000
Combos Snacks,Snacks,20000
Pez Candy,Snacks,10000
Jolly Rancher,Snacks,30000
Gummy Bears,Snacks,50000
Jelly Beans,Snacks,40000
Lollipop,Snacks,50000
Ice Cream Sandwich,Snacks,30000
Peanut Butter Cups,Snacks,80000
Caramel Popcorn,Snacks,30000
Praline,Snacks,10000
Gelato,Snacks,40000
Fruit Snacks,Snacks,60000
Haribo Gummies,Snacks,50000
Yogurt Pretzels,Snacks,10000
Pita Chips,Snacks,20000
BBQ Chips,Snacks,50000
Cinnamon Roll,Snacks,70000
Muffin,Snacks,50000
Cupcake,Snacks,50000
Danish pastry,Snacks,20000
Pretzel Chips,Snacks,15000
Seaweed Snacks,Snacks,10000
Pork Rinds,Snacks,30000
Corn Nuts,Snacks,20000
Popcorn Shrimp,Snacks,15000
Fudge,Snacks,20000
Mixed Nuts,Snacks,30000
Graham Crackers,Snacks,40000
Animal Crackers,Snacks,30000
Popsicle,Snacks,50000
Corn Dog,Snacks,40000
Doritos Nacho Cheese,Snacks,74000
Doritos Cool Ranch,Snacks,60000
Lay's Classic,Snacks,50000
Lay's Sour Cream & Onion,Snacks,40000
Lay's Barbecue,Snacks,45000
Pringles Original,Snacks,30000
Pringles Sour Cream & Onion,Snacks,25000
Pringles BBQ,Snacks,20000
Oreo,Snacks,500000
Oreo Chocolate,Snacks,40000
Oreo Vanilla,Snacks,30000
Skittles Original,Snacks,30000
Skittles Sour,Snacks,20000
M&M's Peanut,Snacks,50000
M&M's Plain,Snacks,50000
Reese's Cups,Snacks,80000
KitKat Green Tea,Snacks,20000
Hershey Kisses,Snacks,50000
Kinder Surprise,Snacks,40000
Kinder Bueno,Snacks,30000
Milka Chocolate,Snacks,40000
Ferrero Rocher,Snacks,60000
Doritos,Snacks,165000
Lay's,Snacks,200000
Pringles,Snacks,150000
Cheetos,Snacks,165000
Takis,Snacks,301000
Fritos,Snacks,80000
Tostitos,Snacks,80000
Ruffles,Snacks,60000
Pop-Tarts,Snacks,165000
Oreo,Snacks,500000
Chips Ahoy,Snacks,100000
Digestive Biscuits,Snacks,50000
Tim Tams,Snacks,50000
Twinkies,Snacks,50000
Moon Pie,Snacks,20000
Cheez-Its,Snacks,100000
Goldfish Crackers,Snacks,80000
Trail mix,Snacks,50000
Beef Jerky,Snacks,80000
Granola bar,Snacks,60000
Nature Valley,Snacks,40000
Snickers,Snacks,301000
KitKat,Snacks,165000
Twix,Snacks,100000
Mars Bar,Snacks,80000
Milky Way bar,Snacks,50000
M&Ms,Snacks,165000
Skittles,Snacks,100000
Hershey's Chocolate,Snacks,80000
Reese's Peanut Butter Cups,Snacks,80000
Cadbury Dairy Milk,Snacks,100000
Butterfinger,Snacks,50000
3 Musketeers,Snacks,30000
Ritz Crackers,Snacks,70000
Planters Peanuts,Snacks,60000
Macaron,Snacks,50000
Brownie,Snacks,80000
Doughnut,Snacks,100000
Pretzels,Snacks,165000
Popcorn,Snacks,100000
Cotton Candy,Snacks,50000
Samosa,Snacks,50000
Pakora,Snacks,30000
Pani Puri,Snacks,40000
Chaat,Snacks,30000
Bhel Puri,Snacks,20000
Kurkure,Snacks,50000
Haldiram's,Snacks,40000
Parle-G,Snacks,60000
Maggi,Snacks,1000000
Mochi,Snacks,50000
Pocky,Snacks,50000
Baklava,Snacks,40000
Turkish Delight,Snacks,30000
Halva,Snacks,20000
Tteokbokki,Snacks,30000
Biltong,Snacks,30000
Plantain chips,Snacks,40000
Churros,Snacks,60000
Falafel,Snacks,50000
Spring Rolls,Snacks,40000
Empanada,Snacks,50000
Arepa,Snacks,30000
Jalebi,Snacks,40000
Nachos,Snacks,80000
Hot Dog,Snacks,100000
Burger,Snacks,200000
French Fries,Snacks,150000
Chicken Nuggets,Snacks,100000